名称,地区
达坂城区洛宾社区东苑,乌鲁木齐
新市区宏星时代假日酒店,乌鲁木齐
新市区龙海五度小区,乌鲁木齐
新市区雅矿小区,乌鲁木齐
新市区五十四中家属院,乌鲁木齐
新市区自治区广播电视局,乌鲁木齐
新市区少管所小区（北门）,乌鲁木齐
新市区警秀苑小区,乌鲁木齐
新市区警馨花园二期（北门）,乌鲁木齐
新市区第四监狱家属楼,乌鲁木齐
新市区少管所家属院西门,乌鲁木齐
新市区锦绣年华北区,乌鲁木齐
新市区女监家属院80号,乌鲁木齐
新市区女监狱育新巷155号,乌鲁木齐
新市区育新巷166号,乌鲁木齐
新市区38号家属院（五监）,乌鲁木齐
新市区新收犯监狱小区,乌鲁木齐
新市区莎车办事处,乌鲁木齐
新市区鲤鱼山公园（西门）,乌鲁木齐
开发区八钢销售部,乌鲁木齐
开发区八钢员工服务中心,乌鲁木齐
开发区八钢职工网球馆,乌鲁木齐
开发区八钢职工游泳中心,乌鲁木齐
开发区八钢职工羽毛球馆,乌鲁木齐
开发区八一路社区,乌鲁木齐
开发区宝钢集团新疆八一钢铁有限公司,乌鲁木齐
开发区工商银行钢城支行营业室,乌鲁木齐
开发区设备工程部,乌鲁木齐
开发区乌鲁木齐阿依苏实业有限公司,乌鲁木齐
开发区乌鲁木齐互利安康保安服务有限责任公司,乌鲁木齐
开发区新疆八钢国际贸易股份有限公司,乌鲁木齐
开发区新疆八钢物业有限责任公司 ,乌鲁木齐
开发区新疆钢铁设计院有限责任公司,乌鲁木齐
开发区好西部酒店,乌鲁木齐
开发区八钢回族上寺,乌鲁木齐
开发区八钢三供一业指挥部,乌鲁木齐
开发区八钢物业有限责任公司绿化工程部,乌鲁木齐
开发区滨河社区,乌鲁木齐
开发区青少年校外活动中心,乌鲁木齐
开发区乌市92中,乌鲁木齐
开发区经开区第二人民医院西小区,乌鲁木齐
开发区东干渠社区,乌鲁木齐
开发区新疆八一钢铁集团有限责任公司医院,乌鲁木齐
开发区柯坪路北社区,乌鲁木齐
开发区柯坪路北社区卫生服务中心,乌鲁木齐
开发区乌鲁木齐市第26幼儿园,乌鲁木齐
开发区乌鲁木齐市第93小学,乌鲁木齐
开发区柯西社区幸福苑小区,乌鲁木齐
开发区柯坪路西社区,乌鲁木齐
开发区洛克伦街小区,乌鲁木齐
开发区钢城片区管委会,乌鲁木齐
开发区洛克伦街社区,乌鲁木齐
开发区乌鲁木齐市第91小学,乌鲁木齐
开发区乌鲁木齐银行柯坪路支行,乌鲁木齐
开发区平安社区,乌鲁木齐
开发区乌鲁木齐昊合城美物业服务有限公司,乌鲁木齐
开发区基督教聚汇点,乌鲁木齐
开发区顺河路北社区,乌鲁木齐
开发区经开区（头屯河区）美沙酮药物维持治疗门诊,乌鲁木齐
开发区顺河路社区,乌鲁木齐
开发区顺河路清真寺,乌鲁木齐
开发区顺河路西社区,乌鲁木齐
开发区顺西B区,乌鲁木齐
开发区工商银行八一路支行营业部,乌鲁木齐
开发区维吾尔族大寺,乌鲁木齐
开发区魏户滩路社区,乌鲁木齐
开发区7008清真寺,乌鲁木齐
开发区西域社区,乌鲁木齐
开发区新疆工业职业学院,乌鲁木齐
开发区工人俱乐部,乌鲁木齐
开发区乌鲁木齐市第92小学,乌鲁木齐
开发区新村东街社区,乌鲁木齐
开发区柯坪路邮政支局,乌鲁木齐
开发区新村街社区,乌鲁木齐
开发区新风路社区西小区,乌鲁木齐
开发区爱丁堡·博望幼儿园,乌鲁木齐
开发区八钢佳域工贸总公司,乌鲁木齐
开发区八钢回族下寺,乌鲁木齐
开发区乒乓球馆,乌鲁木齐
开发区乌鲁木齐市第97中学,乌鲁木齐
开发区乌鲁木齐市第二十七幼儿园,乌鲁木齐
开发区乌市头屯河区人民法院头屯河法庭,乌鲁木齐
开发区新风路社区,乌鲁木齐
开发区新疆新冶华美科技有限公司,乌鲁木齐
开发区中国建设银行（钢铁支行）,乌鲁木齐
开发区新立社区A小区（东门）,乌鲁木齐
开发区新立社区,乌鲁木齐
软件园,乌鲁木齐
开发区一鸣佳苑,乌鲁木齐
开发区新美小区,乌鲁木齐
开发区裕馨小区,乌鲁木齐
开发区疆亿源小区,乌鲁木齐
开发区农工商小区,乌鲁木齐
开发区裕阳花苑小区,乌鲁木齐
开发区博达花园小区、啤酒厂小区,乌鲁木齐
开发区和田干休所小区,乌鲁木齐
开发区粮食局小区,乌鲁木齐
开发区青少年活动中心,乌鲁木齐
博洋雅居,乌鲁木齐
乌苏啤酒厂,乌鲁木齐
安置楼小区停车场,乌鲁木齐
玄圃酒店,乌鲁木齐
天泉名居小区,乌鲁木齐
华鑫小区,乌鲁木齐
水业集团,乌鲁木齐
阿勒泰地区行署驻乌鲁木齐办事处,乌鲁木齐
沙依巴克区棉花街18号小区,乌鲁木齐
阳光青城小区,乌鲁木齐
雅南高第,乌鲁木齐
沙依巴克区公路勘察设计院,乌鲁木齐
公安厅家属院南苑,乌鲁木齐
公安厅家属院北苑,乌鲁木齐
乌鲁木齐市种子公司,乌鲁木齐
涵碧景苑,乌鲁木齐
乌鲁木齐市中央郡,乌鲁木齐
反恐维稳指挥中心,乌鲁木齐
骑马山西城社区集贸市场,乌鲁木齐
西盛社区西城康居苑进出口,乌鲁木齐
西盛弘华二幼,乌鲁木齐
乌鲁木齐沙依巴克区骑马山片区管委会骑马山社区骑马山维稳指挥部,乌鲁木齐
乌鲁木齐沙依巴克区骑马山片区管委会骑马山社区马山社区康居苑小区,乌鲁木齐
沙依巴克区工商局家属院,乌鲁木齐
沙依巴克区盛华庭小区,乌鲁木齐
乌鲁木齐市佳音医院,乌鲁木齐
沙依巴克区惠民小区5期,乌鲁木齐
康乐小院,乌鲁木齐
沙依巴克区青峰路惠民小区一期,乌鲁木齐
沙依巴克区红山市场,乌鲁木齐
沙依巴克区红山游泳馆,乌鲁木齐
沙依巴克区红山室外游泳馆,乌鲁木齐
乌鲁木齐市日报家属院,乌鲁木齐
沙依巴克区普力小区,乌鲁木齐
沙依巴克区克拉玛依东街棉麻公司家属院,乌鲁木齐
沙依巴克区大西北皮肤病医院,乌鲁木齐
西北路移动沙依巴克区公司,乌鲁木齐
沙依巴克区西北路移动公司,乌鲁木齐
沙依巴克区经二路217号如家快捷酒店,乌鲁木齐
乌鲁木齐市花园小区,乌鲁木齐
沙依巴克区奇台路畅园,乌鲁木齐
沙依巴克区公路勘察设计院住宅小区,乌鲁木齐
永鸿泰物流园,乌鲁木齐
宝盈酒店,乌鲁木齐
华凌公馆,乌鲁木齐
华凌公寓,乌鲁木齐
常青美食街,乌鲁木齐
海大之星,乌鲁木齐
家乐福,乌鲁木齐
国网电力,乌鲁木齐
乌鲁木齐天山区翠泉片区管委会碱泉东社新华楼小区,乌鲁木齐
乌鲁木齐天山区翠泉片区管委会向阳社区甜泉小区,乌鲁木齐
乌鲁木齐天山区大湾片区管委会进口大湾盐化小区,乌鲁木齐
乌鲁木齐天山区大湾管委会新翠社区东四巷岗亭,乌鲁木齐
乌鲁木齐天山区大湾管委会新翠社区东一巷岗亭,乌鲁木齐
乌鲁木齐天山区东门片区管委会东后南街社区南三巷大封闭小区,乌鲁木齐
乌鲁木齐天山区东门片区管委会东后南街社区南一巷大封闭小区,乌鲁木齐
天山区经济报家属院,乌鲁木齐
光华大厦,乌鲁木齐
乌鲁木齐天山区二道桥管委会宽北巷社区和平南路225号,乌鲁木齐
乌鲁木齐天山区体委家属院进口-体委家属院,乌鲁木齐
体委家属院,乌鲁木齐
乌鲁木齐天山区和平南路管委会-和平南路社区工一师家属院1,乌鲁木齐
乌鲁木齐天山区黑甲山管委会-北湾街社区园丁苑小区,乌鲁木齐
天山区健康路267号物资局家属院,乌鲁木齐
天山区光华路49号自治区党委家属院,乌鲁木齐
天山区中山路477号自治区政府家属院,乌鲁木齐
天山区人民路419号自治区储备局家属院,乌鲁木齐
天山区中山路500号建行家属院,乌鲁木齐
天山区明德路106号自治区政府家属院,乌鲁木齐
天山区人民路481号武警总队家属院,乌鲁木齐
天山区健康路一巷32号天竺苑,乌鲁木齐
天山区明德路38号发改委家属院,乌鲁木齐
天山区顺南巷1—5大杂院,乌鲁木齐
天山区前进路5号电业局家属院,乌鲁木齐
天山区健康路96号盐业公司家属院,乌鲁木齐
天山区天山路90号自治区建行家属院,乌鲁木齐
徕园花园小区,乌鲁木齐
天山区新泽园小区,乌鲁木齐
乌鲁木齐天山区胜利路管委会-多斯鲁克社区多斯鲁克厚德家属院,乌鲁木齐
乌鲁木齐天山区胜利路管委会-多斯鲁克社区多斯鲁克安居家属院,乌鲁木齐
乌鲁木齐天山区幸福路管委会宏大社区大湾北路十七巷口,乌鲁木齐
天山区恒昌欧景名苑（1期）,乌鲁木齐
天山区恒昌欧景名苑（3期）,乌鲁木齐
丝绸之路滑雪场旅游接待中心,乌鲁木齐
乌鲁木齐县冰雪小镇,乌鲁木齐
自建房区域,乌鲁木齐
乌鲁木齐新市区北京路管委会蜘蛛山社区青城巷,乌鲁木齐
乌鲁木齐新市区北京路管委会蜘蛛山社区汽配城,乌鲁木齐
乌鲁木齐新市区北京路管委会蜘蛛山社区29中路,乌鲁木齐
乌鲁木齐新市区北京路管委会蜘蛛山社区苏州路,乌鲁木齐
乌鲁木齐新市区北京路管委会蜘蛛山社区和平渠1826号,乌鲁木齐
乌鲁木齐新市区北京路管委会蜘蛛山社区阿勒泰路1826号,乌鲁木齐
乌鲁木齐新市区北京路管委会蜘蛛山社区上庄村,乌鲁木齐
锦绣年华小区,乌鲁木齐
瑞祥花苑,乌鲁木齐
金鑫花园小区,乌鲁木齐
联汇农贸市场,乌鲁木齐
八街市场,乌鲁木齐
新市区八街小区,乌鲁木齐
高昌区绿岛国际小区,吐鲁番
高昌区绿洲路菜市场,吐鲁番
高昌区亚尔镇西门社区,吐鲁番
高昌区群艺馆,吐鲁番
高昌区全季酒店,吐鲁番
高昌区葡萄沟景区,吐鲁番
吐鲁番市人民医院,吐鲁番
高昌区巴格日社区,吐鲁番
鄯善县万振蝴蝶泉小区,吐鲁番
鄯善菜篮子超市,吐鲁番
托克逊县滨河小区,吐鲁番
托克逊县九龙农贸市场,吐鲁番
鄯善县库克塔格沙漠景区,吐鲁番
650203610000006001,邮建北小区
650203640000003001,芳草家园
650203630000010001,金桂园
650203640000001001,和谐家园小区
650203630000029101,新疆油田数据公司
650205650000003001,龙翔小区
650204650000004001,五亭小区
博雅苑一区,阿克苏地区
聚嘉豪庭小区,阿克苏地区
温馨小区,阿克苏地区
花园小区,阿克苏地区
滨湖小区B区,阿克苏地区
聚嘉豪庭小区,阿克苏地区
拖峰小区,阿克苏地区
丽都宾馆,阿克苏地区
龙都宾馆,阿克苏地区
帕万拉检查站,阿克苏地区
温宿县人民医院,阿克苏地区
姑墨广场,阿克苏地区
新城区农贸市场,阿克苏地区
锦绣江南停车场,阿克苏地区
恒基明苑,阿克苏地区
阿热勒大桥检查站,阿克苏地区
和谐小区,克州
阿克陶县宾馆,克州
阿克陶县公安局,克州
阿克陶县综合农贸市场,克州
幸福社区,克州
帕米尔小区,克州
炎武小区,克州
乐陶苑小区,克州
政府宾馆,克州
政府大院,克州
喀热开其克检查站,克州
棉麻小区,克州
比纳木村委会,克州
二号小区,喀什
中国移动喀什地区分公司,喀什
恒昌一期小区,喀什
恒昌一期小区,喀什
喀什市公安局,喀什
康馨小区,喀什
温馨小区,喀什
天安名门步行街入口,喀什
滨江新城小区,喀什
和田市纳尔巴格街道阿格其布拉克社区,和田
民光医院,和田
地区教育学院家属院,和田
和田第一中学,和田
和田市纳尔巴格街道安康社区,和田
泰和园小区,和田
和田市纳尔巴格街道安民社区,和田
陇缘商务宾馆,和田
和田市纳尔巴格街道北泉社区,和田
和田市纳尔巴格街道大巴扎社区,和田
昆仑绿洲苑,和田
福利公司家属院,和田
艾力胡西宾馆,和田
钻石宾馆,和田
家和园,和田
玉石宾馆,和田
新生招待所,和田
喀什民意招待所,和田
库吐里克招待所,和田
新金沙湾宾馆,和田
安居小区（集贸市场）,和田
和田市纳尔巴格街道台北西路社区,和田
纳尔巴格街道,和田
丝都宾馆,和田
宝地花园,和田
兴旺社区,和田
和田市纳尔巴格街道依来克社区,和田
侨民宾馆,和田
和田市友好医院,和田
文工团家属院,和田
华新团结医院,和田
千僖宾馆,和田
遇缘久久宾馆,和田
美居花园小区,和田
地区检察院家属院,和田
地区运管局家属院,和田
白金宾馆,和田
行署第一家属院,和田
和田市努尔巴格街道纳尔巴格社区,和田
凯达眼光一期小区,和田
凯达眼光二期小区,和田
德亚小区,和田
和田科学技术局,和田
地区中心血站,和田
悦缘宾馆,和田
速8酒店,和田
文工团家属院,和田
新华书店,和田
凯斯宾馆,和田
和华小区,和田
玫瑰花园小区,和田
和田工商局家属院,和田
和田教育局家属院,和田
和田住房和城乡建设局,和田
友谊花园小区,和田
西域明珠小区,和田
和田市爱然巴格宾馆,和田
洛浦县阿其克乡比来勒克村昆仑幼儿园,和田
比来勒克村委会,和田
洛浦县阿其克学校,和田
阿其克乡卫生院,和田
洛浦县阿其克乡中心幼儿园,和田
喀勒台拜勒村委会,和田
阿其克乡巴扎,和田
吾鲁格拜勒村委会,和田
洛浦县阿其克乡央塔克勒克村山泉幼儿园,和田
央塔克勒克村委会,和田
洛浦县杭桂镇阿日希村雅瀚幼儿园,和田
洛浦县拜什托格拉克乡中心幼儿园,和田
洛浦县拜什托格拉克乡拜什托格拉克村小学,和田
洛浦县拜什托格拉克乡中心小学,和田
拜什托格拉克乡巴扎,和田
洛浦县拜什托格拉克乡拜什托格拉克村胡杨幼儿园,和田
拜什拖格拉克村委会,和田
洛浦县拜什托格拉克乡和融新村新和幼儿园,和田
拜什托格拉克乡和融新村委会,和田
洛浦县拜什托格拉克乡喀迪尔墩村和谐幼儿园,和田
喀迪尔墩村委会,和田
洛浦县拜什托格拉克乡穆纳墩村苁蓉幼儿园,和田
穆纳墩村委会,和田
洛浦县拜什托格拉克乡苏盖特博斯坦村金沙幼儿园,和田
洛浦县拜什托格拉克乡苏盖特博斯坦小学,和田
苏盖特博斯坦村委会,和田
洛浦县拜什托格拉克乡托格拉克博斯坦村向日葵幼儿园,和田
洛浦县拜什托格拉克乡托格拉克博斯坦小学,和田
托格拉克博斯坦村委会,和田
亚阔恰村委会,和田
拜什托格拉克乡检查站,和田
伊斯勒克墩村委会,和田
依力库都克村委会,和田
洛浦县拜什托格拉克乡依提帕克吾斯唐村团结幼儿园,和田
洛浦县拜什托格拉克乡依提帕克吾斯唐小学,和田
依提帕克吾斯塘村委会,和田
洛浦县拜什托格拉克乡中学,和田
拜什托格拉克乡卫生院,和田
洛浦县布亚乡阿勒提来村晨珠幼儿园,和田
洛浦县布亚乡阿里提乐小学,和田
洛浦县布亚乡阿亚格苏勒瓦村清华幼儿园,和田
洛浦县布亚乡阿亚格夏合勒克村乐智幼儿园,和田
洛浦县布亚乡阿亚克昆孜村朝阳幼儿园,和田
阿亚克昆孜村村委会,和田
洛浦县布亚乡巴什昆孜村晨光幼儿园,和田
洛浦县布亚乡巴什苏勒瓦村红旗幼儿园,和田
洛浦县布亚乡苏里瓦小学,和田
洛浦县布亚乡沙合里克小学,和田
布亚乡乡政府,和田
洛浦县布亚乡布亚阿日希村童梦幼儿园,和田
洛浦县布亚乡中学,和田
布亚乡卫生院,和田
洛浦县布亚乡合热万村金光幼儿园,和田
洛浦县布亚乡库尼孜牙小学,和田
洛浦县布亚乡和谐村光明幼儿园,和田
洛浦县布亚乡和谐小学,和田
洛浦县布亚乡坎其艾日克村明航幼儿园,和田
洛浦县布亚乡巴西恰里米牙小学,和田
洛浦县布亚乡坎其日克小学,和田
洛浦县布亚乡坎特艾日克村黎明幼儿园,和田
洛浦县布亚乡库玛提村圆梦幼儿园,和田
洛浦县布亚乡库玛提教学点,和田
洛浦县布亚乡库木阿孜玛村星光幼儿园,和田
洛浦县布亚乡欧吐拉昆孜村春晖幼儿园,和田
洛浦县布亚乡恰勒米村月光幼儿园,和田
洛浦县布亚乡恰里米牙小学,和田
洛浦县布亚乡苏盖提艾日克村欣荣幼儿园,和田
洛浦县布亚乡塔木艾格勒村旭日幼儿园,和田
洛浦县布亚乡塔米艾格里小学,和田
洛浦县布亚乡塔木其拉村启明幼儿园,和田
洛浦县布亚乡塔米其拉小学,和田
洛浦县布亚乡铁提尔村禾苗幼儿园,和田
洛浦县布亚乡团结村育才幼儿园,和田
洛浦县布亚乡乌其鲁克库木村彩虹幼儿园,和田
洛浦县布亚乡亚依力干村童心幼儿园,和田
民乐个体诊所,和田
洛浦县布亚乡中心幼儿园,和田
洛浦县布亚乡中心小学,和田
洛浦县布亚乡依其克尔克恰尔巴格村花朵幼儿园,和田
人才公寓,和田
玉泉小区,和田
计生家属院,和田
农发行家属院,和田
养路段家属院,和田
富康小区,和田
洛浦县公路管理局洛浦县养护站,和田
中国农业发展银行洛浦县分行,和田
洛浦县第三幼儿园,和田
牙康口腔诊所,和田
县人民医院,和田
安江巴格社区居委会,和田
安江巴格路检查站,和田
安居小区,和田
金光小区,和田
安居社区居委会,和田
依格孜艾日克路检查站,和田
电力公司小区,和田
农机小区,和田
中国电信洛浦分公司,和田
国网新疆电力公司洛浦县分电力公司,和田
洛浦县农机局,和田
洛浦县第四幼儿园,和田
洛浦县第四小学,和田
维吾尔医院,和田
安心小区,和田
光明小区,和田
洛浦县丝绸之路电子商务有限公司,和田
市场开发管理中心,和田
大巴扎社区居委会,和田
洛浦风情园,和田
城区大巴扎,和田
民族风情园,和田
城区大巴扎9处,和田
城区大巴扎0处,和田
城区大巴扎7处,和田
城区大巴扎8处,和田
洛浦县汇源宾馆,和田
大巴扎检查站,和田
和田路检查站,和田
洛浦中国人寿公司,和田
洛浦县第三小学,和田
爱百星医院,和田
民光个体诊所,和田
美龈三代口腔诊所,和田
古勒巴格社区居委会,和田
和田路检查站,和田
326省道检查站,和田
保险公司家属院,和田
人民银行家属院,和田
国税局家属院,和田
洛浦客运站,和田
和佳小区,和田
种子公司家属院,和田
洛安小区,和田
花园小区,和田
世纪新城小区,和田
洛浦县住建局,和田
政法委,和田
自来水公司,和田
洛浦县人民法院,和田
人力资源市场,和田
洛浦县国土局,和田
洛浦县县委,和田
洛浦县党校（新）,和田
洛浦县公安森林警察大队,和田
城区街道派出所,和田
洛浦县北京幼儿园,和田
洛浦县第一幼儿园,和田
洛浦县第二小学,和田
自来水公司,和田
洛浦会务接待中心,和田
洛浦县天源宾馆,和田
洛浦县金海岸宾馆,和田
北京西路检查站,和田
山普鲁路检查站,和田
水泥厂家属院,和田
慕士塔格小区,和田
洛浦县道路运输管理局,和田
洛浦县档案局,和田
福康个体诊所,和田
心连心医院,和田
喀勒尕其巴格社区居委会,和田
文化路检查站,和田
地税局家属院,和田
美局小区,和田
政法小区,和田
国税局家属院,和田
洛浦县新华书店,和田
洛浦县税务局,和田
金更罗克曼医院,和田
喀赞巴格社区居委会,和田
城区供销商贸城菜市场,和田
洛浦县鸿源宾馆,和田
洛浦县万豪主题宾馆,和田
双拥路检查站,和田
玉河苑,和田
司法局\教培局,和田
洛浦县第二幼儿园,和田
库拉买里社区居委会,和田
民乐小区,和田
水利局小区,和田
公安局家属院,和田
洛浦县疾控中心,和田
洛浦县公安局,和田
水利局,和田
洛浦县妇幼保健站,和田
城区街道办事处卫生院,和田
妇幼保健医院,和田
杭桂路检查站,和田
团结小区,和田
玉福小区,和田
工行家属院,和田
乌敦小区,和田
移动公司,和田
洛浦县邮政分公司,和田
工商银行洛浦支行,和田
供暖公司,和田
民间传承个体诊所,和田
多鲁路检查站,和田
夏玛里巴格社区居委会,和田
玉都小区,和田
工商局家属院,和田
广场花园小区,和田
洛浦县公安局,和田
依格孜艾日克检查站,和田
幸福小区,和田
电信家属院,和田
邮政家属院,和田
供销社家属院,和田
工商局小区,和田
洛浦县第五幼儿园,和田
洛浦县第一小学,和田
第二小学,和田
英巴格社区居委会,和田
供销社处,和田
6省道检查站,和田
园丁小区,和田
老公安局家属楼,和田
和谐小区,和田
胜利小区,和田
广电局家属院,和田
斯迪克小区,和田
郝永梅个体诊所,和田
洛浦县文广局,和田
联通公司,和田
文化活动中心,和田
洛浦县第二中学,和田
洛浦县第三中学,和田
健齿口腔诊所,和田
英巴扎社区居委会,和田
广电局,和田
丝路小区,和田
信用社家属院,和田
洛浦小区,和田
民政小区,和田
物流创业园,和田
中国电信洛浦县分公司,和田
农行洛浦县支行,和田
洛浦县农村信用合作联社,和田
洛浦县烟草专卖局,和田
牙医口腔诊所,和田
艾德莱斯广场,和田
洛浦县艾德莱斯商务宾馆,和田
洛浦县友好宾馆,和田
洛浦县恰尔巴格乡布孜牙教学点,和田
巴格其村村委会,和田
洛浦县多鲁乡巴什艾日克村育新幼儿园,和田
洛浦县多鲁乡巴什艾日克小学,和田
巴什艾日克村村委会,和田
洛浦县多鲁乡巴什央都玛村博苑幼儿园,和田
洛浦县多鲁乡亚都玛小学,和田
巴什央都玛村村委会,和田
洛浦县多鲁乡博斯坦村楼兰幼儿园,和田
洛浦县多鲁乡布斯坦小学,和田
博斯坦村村委会,和田
布格拉库木村村委会,和田
洛浦县多鲁乡库里艾热克小学,和田
墩阿孜玛村委会,和田
洛浦县多鲁乡中心幼儿园,和田
洛浦县多鲁乡中心小学,和田
墩库孜来克村村委会,和田
洛浦县多鲁乡产动教学点,和田
墩吾斯塘村村委会,和田
光明村村委会,和田
洛浦县多鲁乡哈勒瓦甫村博爱幼儿园,和田
洛浦县多鲁乡哈勒瓦甫小学,和田
哈勒瓦甫村村委会,和田
洛浦县多鲁乡加郎艾日克村安居幼儿园,和田
加郎艾日克村村委会,和田
洛浦县多鲁乡喀尕艾日克村枫叶幼儿园,和田
洛浦县多鲁乡喀尕艾日克小学,和田
喀尕艾日克村村委会,和田
洛浦县多鲁乡喀合勒克村佳鑫幼儿园,和田
洛浦县多鲁乡卡克理克小学,和田
喀合勒克村村委会,和田
洛浦县多鲁乡喀勒台阔台买村合佳幼儿园,和田
洛浦县多鲁乡阿牙格库塔玛小学,和田
喀勒台阔台买村村委会,和田
洛浦县多鲁乡喀让古托格拉克村佳慧幼儿园,和田
洛浦县多鲁乡布孜牙教学点,和田
喀让古托格拉克村委会,和田
洛浦县多鲁乡喀瓦吐格曼贝希村兴民幼儿园,和田
喀瓦吐格曼贝希村村委会,和田
库都克艾日克村村委会,和田
洛浦县多鲁乡库勒艾日克村仁爱幼儿园,和田
库勒艾日克村村委会委会,和田
多鲁乡巴扎,和田
库依肉克艾日克村村委会,和田
阔尕其艾日克村村委会,和田
洛浦县多鲁乡阔台买村富民幼儿园,和田
洛浦县多鲁乡巴西库塔玛小学,和田
阔台买村村委会,和田
洛浦县多鲁乡欧依曼央塔克村小红花幼儿园,和田
洛浦县多鲁乡吾依曼小学,和田
奥依曼英塔克村村委会,和田
恰克玛村村委会,和田
琼库尔吾斯塘村村委会,和田
色日克村村委会,和田
洛浦县多鲁乡阔尕其艾日克村新华幼儿园,和田
塔尕其艾日克村村委会,和田
洛浦县多鲁乡塔合塔科瑞克村玉都幼儿园,和田
塔合塔科瑞克村村委会,和田
洛浦县多鲁乡塔吾尕孜村华光幼儿园,和田
洛浦县多鲁乡第二中学,和田
塔吾尕孜村村委会,和田
洛浦县多鲁乡塘玛合尼村新世纪幼儿园,和田
塘玛合尼村村委会,和田
洛浦县多鲁乡托格拉艾日克村英才幼儿园,和田
洛浦县多鲁乡热合曼浦尔小学,和田
托格拉艾日克村村委会,和田
洛浦县多鲁乡托勒尕什村博识幼儿园,和田
洛浦县多鲁乡托勒尕什小学,和田
托勒尕什村村委会,和田
洛浦县多鲁乡硝尔阔台克村成才幼儿园,和田
洛浦县多鲁乡硝尔阔台克小学,和田
硝尔阔台克村村委会,和田
硝尔阔台小学,和田
洛浦县多鲁乡第一中学,和田
新时代口腔诊所,和田
多鲁乡卫生院,和田
尧勒其库勒村村委会,和田
英艾日克村村委会,和田
英艾日克村委会,和田
英阔台买村村委会,和田
洛浦县杭桂镇阿尔都克库木村梧桐幼儿园,和田
洛浦县杭桂镇阿地库木小学,和田
杭桂镇阿尔喀依来克村,和田
洛浦县杭桂镇阿克艾日克村起航幼儿园,和田
杭桂镇阿克艾日克村,和田
洛浦县杭桂镇阿其玛艾日克村天星幼儿园,和田
杭桂镇阿其玛艾日克村,和田
杭桂镇阿日希村,和田
杭桂镇阿日希村雅翰幼儿园,和田
洛浦县杭桂镇阿瓦米斯力木村精诚幼儿园,和田
杭桂镇阿瓦米斯力木村,和田
洛浦县杭桂镇阿亚格苏尕克库木村阳光幼儿园,和田
洛浦县杭桂镇苏格库木小学,和田
杭桂镇阿亚格苏尕克库木村,和田
杭桂镇巴格齐村,和田
洛浦县杭桂镇巴格齐村启蒙幼儿园,和田
洛浦县杭桂镇巴格齐小学,和田
洛浦县杭桂镇巴什艾克尼村金豆幼儿园,和田
洛浦县杭桂镇巴什艾克尼小学,和田
杭桂镇巴什艾克尼村,和田
杭桂镇白格艾日克小学,和田
洛浦县杭桂镇伯克艾日克村丽春幼儿园,和田
杭桂镇伯克艾日克村,和田
杭桂镇巴扎,和田
洛浦县杭桂镇墩艾日克村知恩幼儿园,和田
洛浦县杭桂镇东艾日克小学,和田
杭桂镇墩艾日克村,和田
洛浦县杭桂镇和佳新村大漠幼儿园,和田
洛浦县杭桂镇和佳小学,和田
杭桂镇和佳新村,和田
和佳新村检查站,和田
洛浦县杭桂镇霍热孜托格拉克村明珠幼儿园,和田
洛浦县杭桂镇湖拉孜拖拉克小学,和田
杭桂镇霍热孜托格拉克村,和田
洛浦县杭桂镇喀格孜艾日克村同心幼儿园,和田
洛浦县杭桂镇克格孜艾热克小学,和田
洛浦县杭桂镇第二中学,和田
杭桂镇喀格孜艾日克村,和田
洛浦县杭桂镇康托喀依村星海幼儿园,和田
杭桂镇康托喀依村,和田
库木巴格村委会,和田
洛浦县杭桂镇库木巴格村童乐幼儿园,和田
洛浦县杭桂镇库木巴格小学,和田
洛浦县杭桂镇第一中学,和田
便民个体诊所,和田
洛浦县杭桂镇库木吾斯唐村百灵鸟幼儿园,和田
洛浦县杭桂镇阔纳杭桂村金童幼儿园,和田
洛浦县杭桂镇兰干艾日克村兴国幼儿园,和田
洛浦县杭桂镇兰格尔小学,和田
杭桂镇兰干艾日克村,和田
杭桂镇欧吐拉艾日克村,和田
洛浦县杭桂镇庞买里村,和田
洛浦县杭桂镇庞买里村馨悦幼儿园,和田
杭桂镇皮凉艾日克村,和田
洛浦县杭桂镇其伯尔其艾日克村石榴幼儿园,和田
洛浦县杭桂镇其力盖加依村忠德幼儿园,和田
洛浦县杭桂镇其理格加依小学,和田
杭桂镇其力盖加依村,和田
杭桂镇其木吾斯塘村,和田
洛浦县杭桂镇琼库尔艾日克村开心幼儿园,和田
杭桂镇卫生院,和田
杭桂镇琼库尔艾日克村,和田
洛浦县杭桂镇热合曼普尔村惠民幼儿园,和田
洛浦县杭桂镇热合曼浦小学,和田
杭桂镇热合曼普尔村,和田
洛浦县萨喀勒村,和田
杭桂镇塔盘村,和田
洛浦县杭桂镇塔盘村爱心幼儿园,和田
洛浦县杭桂镇通喀依艾日克村童趣幼儿园,和田
杭桂镇通喀依艾日克村,和田
洛浦县杭桂镇托库孜喀勒拉村育强幼儿园,和田
杭桂镇托库孜喀勒拉村,和田
杭桂镇托万皮切克其村,和田
洛浦县杭桂镇托万皮切克其村景春幼儿园,和田
洛浦县杭桂镇皮且克其小学,和田
洛浦县杭桂镇吾斯堂吾其小学,和田
洛浦县杭桂镇吾斯塘乌其村珍宝幼儿园,和田
洛浦县洛浦镇幸福小学,和田
洛浦县杭桂镇英巴格村春晓幼儿园,和田
洛浦县杭桂镇英巴克小学,和田
杭桂镇英巴格村,和田
洛浦县杭桂镇中心幼儿园,和田
洛浦县杭桂镇中心小学,和田
洛浦县杭桂镇英吾斯塘村金梦幼儿园,和田
洛浦县杭桂镇英吾斯塘小学,和田
杭桂镇英吾斯塘村,和田
洛浦县杭桂镇玉吉买勒克村金沙幼儿园,和田
杭桂镇玉吉买勒克村,和田
洛浦县杭桂镇赞木其艾日克村惠智幼儿园,和田
杭桂镇赞木其艾日克村,和田
洛浦县杭桂镇扎滚艾日克村金娇幼儿园,和田
洛浦县杭桂镇杂古泥艾热克小学,和田
杭桂镇扎滚艾日克村,和田
洛浦县洛浦镇阿恰勒村红领巾幼儿园,和田
洛浦镇阿恰勒村,和田
阿亚克恰帕勒村,和田
洛浦县洛浦镇中心幼儿园,和田
洛浦县洛浦镇中心小学,和田
洛浦县洛浦镇中学,和田
洛浦县洛浦镇巴什恰帕勒村蓝天幼儿园,和田
洛浦县洛浦镇恰帕里小学,和田
洛浦县洛浦镇博什坎村新苗幼儿园,和田
洛浦县洛浦镇博西坎小学,和田
洛浦镇博什坎村,和田
布拉克曲凯村委会,和田
洛浦县洛浦镇布拉克曲凯村源泉幼儿园,和田
洛浦县洛浦镇布拉克曲凯小学,和田
洛浦镇布拉克曲凯村,和田
洛浦县洛浦镇多鲁吐格曼贝希村起点幼儿园,和田
洛浦县洛浦镇塔合塔克吾热克小学,和田
洛浦镇多鲁吐格曼贝希村,和田
洛浦县洛浦镇多外特村幸福幼儿园,和田
洛浦县洛浦镇都瓦但小学,和田
康生个体诊所,和田
洛浦镇多外特村,和田
洛浦县第一中学,和田
洛浦县职业技术学校,和田
气象局,和田
洛浦县洛浦镇古木巴特村童馨幼儿园,和田
洛浦镇古木巴特村,和田
洛浦县洛浦镇合尼教学点,和田
洛浦镇合尼巴格村,和田
洛浦镇卫生院,和田
洛浦镇加依铁热克村委会,和田
洛浦镇克尔喀什村委会,和田
洛浦县洛浦镇克尔喀什村东方红幼儿园,和田
洛浦县洛浦镇克喀什学校,和田
洛浦镇库尔干村,和田
洛浦镇阔纳巴扎村,和田
洛浦县农业园区管委会新城幼儿园,和田
洛浦县洛浦镇恰帕勒兰干村红太阳幼儿园,和田
洛浦县洛浦镇兰格尔小学,和田
洛浦县洛浦镇英巴扎村新蕾幼儿园,和田
洛浦镇英巴扎村,和田
洛浦县纳瓦乡阿恰墩村春天幼儿园,和田
洛浦县纳瓦乡阿其东小学,和田
阿恰墩村委会,和田
洛浦县纳瓦乡阿亚格尕帕村如意幼儿园,和田
洛浦县纳瓦乡阿亚格尕怕小学,和田
阿亚格尕帕村委会,和田
洛浦县纳瓦乡巴什尕帕村彩霞幼儿园,和田
洛浦县纳瓦乡巴西尕怕小学,和田
巴什尕帕村委会,和田
洛浦县纳瓦乡博斯坦村卓越幼儿园,和田
洛浦县纳瓦乡巴什喀拉克尔村向党幼儿园,和田
洛浦县纳瓦乡巴西卡日克小学,和田
洛浦县纳瓦乡尕帕阿日希村白杨幼儿园,和田
洛浦县纳瓦乡尕怕阿日西小学,和田
尕帕阿日希村委会,和田
格加阿日希村委会,和田
纳瓦乡卫生院,和田
洛浦县纳瓦乡纳瓦村明星幼儿园,和田
民爱个体诊所,和田
洛浦县纳瓦乡中心幼儿园,和田
洛浦县纳瓦乡中心小学,和田
洛浦县纳瓦乡中学,和田
纳瓦喀哈那村委会,和田
纳瓦乡巴扎,和田
洛浦县纳瓦乡纳瓦库木巴格村红星幼儿园,和田
纳瓦库木巴格村委会,和田
洛浦县纳瓦乡诺布依村玉龙幼儿园,和田
诺布依村玉龙幼儿园,和田
洛浦县纳瓦乡托万喀拉克尔村丝绸幼儿园,和田
洛浦县纳瓦乡阿亚咔尔日克小学,和田
托万喀拉克尔村委会,和田
纳瓦乡英巴格村委会,和田
洛浦县恰尔巴格乡阿日买里村童真幼儿园,和田
洛浦县恰尔巴格乡阿亚格格加村玉泉幼儿园,和田
洛浦县恰尔巴格乡阿亚克萨依村文博幼儿园,和田
洛浦县恰尔巴格乡阿依丁库勒村童嘉幼儿园,和田
洛浦县恰尔巴格乡阿依定库里小学,和田
洛浦县恰尔巴格乡阿依玛克村翰林幼儿园,和田
洛浦县恰尔巴格乡阿依玛克小学,和田
洛浦县恰尔巴格乡第二中学,和田
恰尔巴格乡中心卫生院2分院,和田
洛浦县恰尔巴格乡奥克其村启睿幼儿园,和田
洛浦县恰尔巴格乡奥依拉村朝露幼儿园,和田
巴格艾日克村委会,和田
洛浦县恰尔巴格乡巴格艾日克村启慧幼儿园,和田
洛浦县恰尔巴格乡巴格艾热克小学,和田
洛浦县恰尔巴格乡努尔鲁克小学,和田
洛浦县恰尔巴格乡巴什格加村友谊幼儿园,和田
洛浦县恰尔巴格乡第一中学,和田
洛浦县恰尔巴格乡巴什库木艾日克村嘉禾幼儿园,和田
洛浦县恰尔巴克乡库木艾热克小学,和田
洛浦县恰尔巴格乡巴什皮切克其村牡丹幼儿园,和田
恰尔巴格乡巴什皮切克其村,和田
洛浦县恰尔巴格乡巴什苏尕克库木村腾飞幼儿园,和田
洛浦县恰尔巴格乡苏尕库木小学,和田
洛浦县恰尔巴格乡墩买里村朵乐幼儿园,和田
洛浦县恰尔巴格乡格加喀尔克村春蚕幼儿园,和田
洛浦县恰尔巴格乡格加小学,和田
洛浦县恰尔巴格乡古勒巴格村百花幼儿园,和田
洛浦县恰尔巴格乡古勒巴格小学,和田
洛浦县恰尔巴格乡吉米牙小学,和田
洛浦县恰尔巴格乡中心幼儿园,和田
洛浦县恰尔巴格乡中心小学,和田
幸光医院,和田
仁爱个体诊所,和田
恰尔巴格乡中心卫生院,和田
恰尔巴格乡巴扎,和田
洛浦县恰尔巴格乡喀鲁艾日克村欢乐幼儿园,和田
洛浦县恰尔巴格乡库库买提村博雅幼儿园,和田
洛浦县恰尔巴格乡库木巴格村沙柳幼儿园,和田
洛浦县恰尔巴格乡库木巴格学校,和田
恰尔巴格乡中心卫生院1分院,和田
洛浦县恰尔巴格乡库木兰干村智慧幼儿园,和田
洛浦县恰尔巴格乡库木兰干小学,和田
洛浦县恰尔巴格乡阔恰艾日克村春芽幼儿园,和田
洛浦县恰尔巴格乡阔恰克艾日克村启元幼儿园,和田
洛浦县玛丽艳开发区中学,和田
洛浦县恰尔巴格乡恰尔巴格村沙园幼儿园,和田
洛浦县恰尔巴格乡恰瓦克小学,和田
洛浦县恰尔巴格乡琼库勒贝希村蓓蕾幼儿园,和田
洛浦县恰尔巴格乡琼库里比西小学,和田
洛浦县恰尔巴格乡丘拉克铁热克村心连心幼儿园,和田
洛浦县恰尔巴格乡去来克提热克小学,和田
洛浦县恰尔巴格乡铁热克艾日克村绿洲幼儿园,和田
洛浦县恰尔巴格乡卡热克小学,和田
洛浦县恰尔巴格乡铁提尔巴格村恩茂幼儿园,和田
洛浦县恰尔巴克乡铁提瓦克小学,和田
洛浦县恰尔巴格乡吾斯塘村孔孟幼儿园,和田
民康个体诊所,和田
新生个体诊所,和田
洛浦县恰尔巴格乡吾斯塘乌其村涌泉幼儿园,和田
洛浦县恰尔巴格乡亚坎提村梦想幼儿园,和田
洛浦县恰尔巴格乡依勒达木艾日克村春雨幼儿园,和田
洛浦县山普鲁镇阿日买里村吉祥幼儿园,和田
阿日西村委会,和田
洛浦县山普鲁镇巴什艾日克村优悠幼儿园,和田
洛浦县山普鲁镇兰格尔小学,和田
洛浦县山普鲁镇阿亚格比孜里村雏鹰幼儿园,和田
洛浦县山普鲁镇莎玛里巴格小学,和田
洛浦县山普鲁镇阿亚格克依阔村慧星幼儿园,和田
洛浦县山普鲁镇阿亚克艾日克村,和田
洛浦县山普鲁镇阿依丁库勒村学文幼儿园,和田
洛浦县山普鲁镇阿依定库里小学,和田
洛浦县山普鲁镇巴什比孜里村培新幼儿园,和田
洛浦县山普鲁镇比孜里小学,和田
洛浦县山普鲁镇巴什克依阔村红山幼儿园,和田
洛浦县山普鲁镇英兰干村蒲公英幼儿园,和田
洛浦县山普鲁镇英兰格学校,和田
洛浦县山普鲁镇加依艾日克村昆玉幼儿园,和田
洛浦县山普鲁镇喀拉克尔村宝玉幼儿园,和田
洛浦县山普鲁镇卡拉克小学,和田
洛浦县山普鲁镇喀拉央塔克村玉水幼儿园,和田
洛浦县山普鲁镇卡拉延塔克小学,和田
洛浦县山普鲁镇克兰特村星火幼儿园,和田
洛浦县山普鲁镇恰合玛克小学,和田
洛浦县山普鲁镇库尔巴格村育苗幼儿园,和田
洛浦县山普鲁镇库尔巴格小学,和田
山普鲁镇库尔巴格村,和田
洛浦县山普鲁镇库木巴格村天山幼儿园,和田
洛浦县山普鲁镇阔其坎村湖泊幼儿园,和田
洛浦县山普鲁镇阔其干小学,和田
洛浦县山普鲁镇阔塔孜兰干村中山幼儿园,和田
洛浦县山普鲁镇库塔孜小学,和田
山普鲁镇阔塔孜兰干村委会,和田
洛浦县山普鲁镇兰干村丝路幼儿园,和田
洛浦县山普鲁镇巴士兰干小学,和田
洛浦县山普鲁镇欧吐拉比孜里村思源幼儿园,和田
洛浦县比孜里中学,和田
洛浦县山普鲁镇恰克玛克村心仪幼儿园,和田
洛浦县山普鲁镇色日克村忠诚幼儿园,和田
洛浦县山普鲁镇色热克小学,和田
洛浦县山普鲁镇中心幼儿园,和田
洛浦县山普鲁镇中心小学,和田
洛浦县山普鲁镇中学,和田
山普鲁镇卫生院,和田
山普鲁镇巴扎,和田
洛浦县山普鲁镇依勒达木村南山幼儿园,和田
洛浦县山普鲁镇克依阔口小学,和田
巴什兰干乡托喀依村委会,和田
尼雅公安检查站,和田
巴什兰干乡阿克萨日依村委会,和田
巴什兰干乡阿克萨日依村幼儿园,和田
巴什兰干乡奥依托格拉克村委会,和田
巴什兰干乡奥依托格拉克村幼儿园,和田
巴什兰干乡奥依托格拉克村小学,和田
巴什兰干乡巴什兰干村委会,和田
巴什兰干乡巴什兰干村幼儿园,和田
巴什兰干乡萨扎木村委会,和田
巴什兰干乡萨扎木村小学,和田
巴什兰干乡托格拉克瑞克村委会,和田
巴什兰干乡托格拉克瑞克村幼儿园,和田
巴什兰干乡托喀依村幼儿园,和田
布亚乡巴什苏勒瓦村委会,和田
布亚乡合热万村村委会,和田
布亚乡萨依村委会,和田
布亚乡苏盖提艾日克村委会,和田
布亚乡塔木其拉村委会,和田
布亚乡铁提尔村委会,和田
藏桂乡阿其卡西村委会,和田
藏桂乡布拉克村委会,和田
藏桂乡布拉克村幼儿园,和田
藏桂乡库勒艾日克村委会,和田
藏桂乡库勒艾日克村幼儿园,和田
藏桂乡库勒比西村委会,和田
藏桂乡库木博依村委会,和田
藏桂乡兰干村委会,和田
藏桂乡兰干村幼儿园,和田
藏桂乡兰干村分小学,和田
藏桂乡塔体让村委会,和田
藏桂乡塔体让村幼儿园,和田
藏桂乡亚博依村委会,和田
藏桂乡亚博依村幼儿园,和田
藏桂乡亚博依村分小学,和田
藏桂乡亚村委会,和田
藏桂乡亚村幼儿园,和田
藏桂乡亚村分小学,和田
藏桂乡亚曼亚农场村委会,和田
藏桂乡亚曼亚农场村幼儿园,和田
藏桂乡英其克艾日克村委会,和田
藏桂乡英其克艾日克村幼儿园,和田
藏桂乡英吾斯塘村委会,和田
安江巴格社区居委会,和田
古勒巴格社区居委会,和田
广电局,和田
洛浦县会务中心,和田
测试社区,和田
美居小区,和田
库拉买里社区居委会,和田
夏玛里巴格社区居委会,和田
英巴格社区居委会,和田
英巴扎社区居委会,和田
城镇街道办事处萨干社区拟办公点,和田
城镇街道办事处吾力曼拉社区居民委员会,和田
杜瓦镇都村村委会,和田
杜瓦镇都村小学,和田
杜瓦镇墩巴格村村委会,和田
杜瓦镇墩巴格村幼儿园,和田
杜瓦镇科台克力克村村委会,和田
杜瓦镇科台克力克村幼儿园,和田
杜瓦镇克太克里克村卡点,和田
杜瓦镇拉木斯村委会,和田
杜瓦镇拉木斯村夜市巴扎,和田
杜瓦镇欧尔那村村委会,和田
杜瓦镇欧尔那村幼儿园,和田
杜瓦镇硝尔鲁克村委会,和田
杜瓦镇硝尔鲁克幼儿园,和田
杜瓦镇硝尔鲁克村砖厂,和田
杜瓦镇硝尔鲁克村沙石料厂,和田
杜瓦镇硝尔鲁克村卡点,和田
杜瓦镇亚克尔村村委会,和田
杜瓦镇亚克尔村小学,和田
杜瓦镇玉山社区巴扎,和田
固玛镇阿热亚村委会,和田
固玛镇阿热亚村小学,和田
固玛镇阿热亚村幼儿园,和田
固玛镇阿斯提阔什村委会,和田
固玛镇阿斯提阔什村小学,和田
固玛镇阿斯提阔什村幼儿园 ,和田
固玛镇博斯坦艾热克村幼儿园,和田
固玛镇博斯坦艾热克村委会,和田
固玛镇博斯坦托格拉克村小学,和田
固玛镇博斯坦托格拉克村委会,和田
固玛镇博斯坦托格拉克村幼儿园 ,和田
固玛镇菜其买里村和谐小区,和田
固玛镇菜其买里村委会,和田
固玛镇古勒巴格村委会,和田
固玛镇古勒克阿孜玛村委会,和田
固玛镇克其克亚村委会,和田
固玛镇克什拉克阿勒迪村委会,和田
固玛镇克什拉克阿勒迪村幼儿园,和田
固玛镇克什拉克阿勒迪村小学,和田
固玛镇阔纳巴扎村委会,和田
固玛镇尼向达村委会,和田
固玛镇欧图拉喀什村委会,和田
固玛镇欧图拉喀什村幼儿园 ,和田
固玛镇萨干村幼儿园,和田
固玛镇萨干村414号,和田
固玛镇散加村委会,和田
固玛镇色提日克村委会,和田
固玛镇色提日克村幼儿园,和田
固玛镇吐格曼贝希村委会,和田
固玛镇吐格曼贝希村幼儿园,和田
固玛镇吐格曼贝希村小学,和田
固玛镇吐木休克阿勒迪村委会,和田
固玛镇吐木休克阿勒迪村幼儿园,和田
固玛镇亚普泉村委会,和田
固玛镇亚普泉村幼儿园,和田
固玛镇依那克村委会,和田
固玛镇依提帕克村委会,和田
固玛镇英巴扎村委会,和田
固玛镇英巴扎村幼儿园,和田
康克尔乡康克尔村委会,和田
康克尔乡乌拉其村委会,和田
科克铁热克乡阿克欧吞村委会,和田
科克铁热克乡阿克欧吞村小学,和田
科克铁热克乡阿克欧吞村幼儿园,和田
科克铁热克乡阿木特勒克村委会,和田
科克铁热克乡阿木特勒克村委会幼儿园,和田
科克铁热克乡阿木特勒克村小学,和田
科克铁热克乡阿热库木村委会,和田
科克铁热克乡阿热库木村委会幼儿园,和田
科克铁热克乡阿热库木村小学,和田
科克铁热克乡阿热库木村砖厂,和田
科克铁热克乡阿热买里村委会,和田
科克铁热克乡阿热买里村小学,和田
科克铁热克乡阿热买里村幼儿园,和田
科克铁热克乡阿热买里村打馕店,和田
科克铁热克乡阿亚格亚村委会,和田
科克铁热克乡阿亚格亚村委会幼儿园,和田
科克铁热克乡阿亚格亚村小学,和田
科克铁热克乡巴扎亚村委会,和田
科克铁热克乡巴扎亚村委会幼儿园,和田
科克铁热克乡巴扎亚村小学,和田
科克铁热克乡巴扎亚村饭店,和田
科克铁热克乡拜勒库木村委会,和田
科克铁热克乡多兰买里村委会,和田
科克铁热克乡多兰买里村委会幼儿园,和田
科克铁热克乡多兰买里村小学,和田
科克铁热克乡喀尕买里村委会,和田
科克铁热克乡喀尕买里村小学,和田
科克铁热克乡科克塔格村委会,和田
科克铁热克乡科克塔格村委会幼儿园,和田
科克铁热克乡科克塔勒村委会,和田
科克铁热克乡科克铁热克村委会,和田
科克铁热克乡科克亚村委会,和田
科克铁热克乡科克亚村委会幼儿园,和田
科克铁热克乡科克亚村小学,和田
科克铁热克乡库木艾日克村委会,和田
科克铁热克乡库木艾日克村委会幼儿园,和田
科克铁热克乡库木艾日克村小学,和田
科克铁热克乡库木勒村委会,和田
科克铁热克乡库木勒村委会幼儿园,和田
科克铁热克乡库木勒村小学,和田
科克铁热克乡库木勒村养驴厂,和田
科克铁热克乡阔恰克玉吉买里克村委会,和田
科克铁热克乡阔恰克玉吉买里克村委会幼儿园,和田
科克铁热克乡拉依喀村委会,和田
科克铁热克乡拉依喀村委会幼儿园,和田
科克铁热克乡拉依喀村小学,和田
科克铁热克乡努尔巴格村委会,和田
科克铁热克乡欧地央村委会,和田
科克铁热克乡欧地央村委会幼儿园,和田
科克铁热克乡欧地央村小学,和田
科克铁热克乡帕特曼勒克村委会,和田
科克铁热克乡帕特曼勒克村小学,和田
科克铁热克乡帕特曼勒克村幼儿园,和田
科克铁热克乡萨依巴格村委会,和田
科克铁热克乡团结村委会,和田
科克铁热克乡托格拉克塔村委会,和田
科克铁热克乡托格拉克塔村委会幼儿园,和田
科克铁热克乡托格拉克塔村小学,和田
科克铁热克乡托格拉克塔村林业站,和田
科克铁热克乡托合玛可买里村小学,和田
科克铁热克乡托合玛克买里村委会,和田
科克铁热克乡托合玛克买里村委会幼儿园,和田
科克铁热克乡托普买里村委会,和田
科克铁热克乡托普买里村委会幼儿园,和田
科克铁热克乡托普买里村小学,和田
科克铁热克乡托万库木库勒村委会,和田
科克铁热克乡托万库木库勒村小学,和田
科克铁热克乡托万库木库勒村工厂,和田
科克铁热克乡央阿克勒克村委会,和田
科克铁热克乡央阿克勒克村委会幼儿园,和田
科克铁热克乡央阿克勒克村小学,和田
科克铁热克乡英阿亚提村委会,和田
科克铁热克乡英博斯坦村委会,和田
科克铁热克乡英坎特村委会,和田
科克铁热克乡英坎特村委会幼儿园,和田
科克铁热克乡英坎特村小学,和田
科克铁热克乡尤库日库木库勒村委会,和田
科克铁热克乡尤库日库木库勒村委会幼儿园,和田
科克铁热克乡尤库日库木库勒村小学,和田
克里阳乡阿格其克村委会,和田
克里阳乡阿格其克水管所,和田
克里阳乡阿克其克村幼儿园,和田
克里阳乡墩库勒村委会,和田
克里阳乡墩库勒村幼儿园,和田
克里阳乡喀热曼村委会,和田
克里阳乡喀热曼村幼儿园,和田
克里阳乡克里阳村委会,和田
克里阳乡塔和塔科瑞克村委会,和田
克里阳乡塔和塔科瑞克村木材卫星工厂,和田
克里阳乡托万恰喀村委会,和田
克里阳乡托万恰喀村卫星工厂,和田
克里阳乡亚开其克村委会,和田
克里阳乡亚开其克村幼儿园,和田
克里阳乡伊斯法罕村委会,和田
克里阳乡伊斯法罕分校,和田
克里阳乡尤勒滚加依村委会,和田
克里阳乡尤勒滚加依村养驴合作社,和田
克里阳乡尤勒滚加依村卫星工厂,和田
阔什塔格镇阿孜干阿勒迪村村委会,和田
阔什塔格镇巴什阿孜干村委会,和田
阔什塔格镇巴什阿孜干幼儿园,和田
阔什塔格镇博斯村委会,和田
阔什塔格镇加依纳古特村委会,和田
阔什塔格镇加依纳古特幼儿园,和田
阔什塔格镇加依纳古特小学,和田
阔什塔格镇喀热苏村委会,和田
阔什塔格镇喀热苏幼儿园,和田
阔什塔格镇喀热苏小学,和田
阔什塔格镇克什拉克村委会,和田
阔什塔格镇克什拉克村幼儿园,和田
阔什塔格镇克依克其村村委会,和田
阔什塔格镇花园克依克其幼儿园,和田
阔什塔格镇阔什塔格村委会,和田
阔什塔格镇其格勒克村委会,和田
阔什塔格镇苏盖特勒克村委会,和田
阔什塔格镇苏盖特勒克幼儿园，小学（共用一个门）,和田
阔什塔格镇苏勒尕孜村委会,和田
阔什塔格镇苏勒尕孜幼儿园,和田
阔什塔格镇铁热克阿勒迪村村委会,和田
阔什塔格镇铁热克阿勒迪幼儿园,和田
阔什塔格镇吐格曼博依村委会,和田
阔什塔格镇吐格曼博依幼儿园,和田
阔什塔格镇吾勒巴格村委会,和田
阔什塔格镇吾勒巴格幼儿园,和田
阔什塔格镇吾勒巴格小学,和田
洛浦镇欧吐拉博什坎村委会,和田
木吉镇阿热江尕勒村村委会,和田
木吉镇阿热江尕勒村小学,和田
木吉镇阿热江尕勒村幼儿园,和田
木吉镇阿萨尔村村委会,和田
木吉镇阿萨尔村小学,和田
木吉镇阿亚格巴格拉村村委会,和田
木吉镇阿亚格巴格拉村幼儿园,和田
木吉镇阿孜干巴格村村委会,和田
木吉镇阿孜干巴格村幼儿园,和田
木吉镇阿孜干巴格村夜市,和田
木吉镇巴格拉村村委会,和田
木吉镇巴格拉村小学,和田
木吉镇巴什巴格拉村村委会,和田
木吉镇巴什巴格拉村幼儿园,和田
木吉镇巴什铁热克村村委会,和田
木吉镇巴什铁热克村幼儿园,和田
木吉镇尕孜恰喀村村委会,和田
木吉镇尕孜恰喀村幼儿园,和田
木吉镇尕孜恰喀村夜市,和田
木吉镇汉吐格村村委会,和田
木吉镇汉吐格村幼儿园,和田
木吉镇阔纳巴扎村村委会,和田
木吉镇阔纳萨依巴格村村委会,和田
木吉镇阔纳萨依巴格村幼儿园,和田
木吉镇阔纳吐格曼村村委会,和田
木吉镇阔纳吐格曼村小学,和田
木吉镇兰干村村委会,和田
木吉镇兰干村幼儿园,和田
木吉镇龙尕村村委会,和田
木吉镇龙尕村小学,和田
木吉镇木吉村村委会,和田
木吉镇萨依巴格村村委会,和田
木吉镇萨依巴格村小学,和田
木吉镇萨依村村委会,和田
木吉镇萨依村幼儿园,和田
木吉镇英巴格村村委会,和田
木吉镇英巴格村小学,和田
木奎拉乡达里格村委会,和田
木奎拉乡达里格村小学,和田
木奎拉乡达里格村幼儿园,和田
木奎拉乡古勒巴格村委会,和田
木奎拉乡古勒巴格村幼儿园,和田
木奎拉乡霍依拉买里村委会,和田
木奎拉乡霍依拉买里幼儿园,和田
木奎拉乡喀合夏勒村委会,和田
木奎拉乡喀合夏勒村幼儿园,和田
木奎拉乡康达库勒村委会,和田
木奎拉乡库木艾日克村委会,和田
木奎拉乡阔纳巴扎村委会,和田
木奎拉乡阔纳巴扎村幼儿园,和田
木奎拉乡阔向买里村委会,和田
木奎拉乡阔向买里幼儿园,和田
木奎拉乡兰干村委会,和田
木奎拉乡兰干村小学,和田
木奎拉乡兰干村幼儿园,和田
木奎拉乡木乃克买里村委会,和田
木奎拉乡木乃克买里小学,和田
木奎拉乡纳古特村委会,和田
木奎拉乡纳古特小学,和田
木奎拉乡吐孜鲁克村委会,和田
木奎拉乡托万买里村委会,和田
木奎拉乡托万买里村小学,和田
木奎拉乡依提帕克村委会,和田
木奎拉乡依提帕克村幼儿园,和田
纳瓦乡博斯坦村村委会,和田
纳瓦乡尕帕阿日希村村委会,和田
诺布依村委会,和田
安疆小区,和田
安疆小区,和田
开元小区,和田
皮西那乡阿亚格阿孜干村委会,和田
皮西那乡阿亚格阿孜干幼儿园,和田
皮西那乡巴什阿孜干村村委会,和田
皮西那乡布拉克贝希村委会,和田
皮西那乡加依托格拉克村委会,和田
皮西那乡皮西那村委会,和田
皮西那乡吾喀什村委会,和田
皮西那乡央塔克村委会,和田
皮亚勒玛乡加依塔什村村委会,和田
皮亚勒玛乡加依塔什村幼儿园,和田
皮亚勒玛乡加依塔石村卡点,和田
皮亚勒玛乡库木博依村村委会,和田
皮亚勒玛乡兰干库勒村村委会,和田
皮亚勒玛乡兰干库勒村分校,和田
皮亚勒玛乡石榴新村村委会,和田
皮亚勒玛乡石榴新村分校,和田
皮亚勒玛乡塔吾孜吾斯塘村村委会,和田
皮亚勒玛乡乌堂村村委会,和田
恰尔巴格乡吉米亚村委会,和田
恰尔巴格乡库库买提村委会,和田
乔达乡阿尔皮勒克村村委会,和田
乔达乡阿亚格乔达村村委会,和田
乔达乡阿亚格乔达村幼儿园,和田
乔达乡巴什布拉克村村委会,和田
乔达乡巴什布拉克村幼儿园,和田
乔达乡小学巴什布拉克村分校,和田
乔达乡巴什拉克比纳姆村村委会,和田
乔达乡巴什拉克比纳姆村幼儿园,和田
乔达乡古勒巴格村村委会,和田
乔达乡小学古勒巴格村分校,和田
乔达乡果拉村村委会委会,和田
乔达乡果拉村幼儿园,和田
乔达乡结依乃克村村委会,和田
乔达乡小学结依乃克村分校,和田
乔达乡结依乃克村种驴厂,和田
乔达乡结依乃克村托马日斯地毯厂,和田
乔达乡结依乃克村卡点,和田
乔达乡兰干村村委会,和田
乔达乡兰干村卡点,和田
乔达乡牧场巴士拉克村村委会,和田
乔达乡牧场巴士拉克村幼儿园,和田
乔达乡恰尔巴格村村委会,和田
乔达乡恰尔巴格村幼儿园,和田
乔达乡清泉社区百合提亚服装厂,和田
乔达乡色外特恰喀村村委会,和田
乔达乡色外提恰喀村依孜纳服装厂,和田
乔达乡色外提恰喀村阿皮日达食品加工厂,和田
乔达乡亚依勒干村村委会,和田
桑株镇阿克墩村村委会,和田
桑株镇阿克墩村幼儿园,和田
桑株镇阿克墩村红旗水电厂,和田
桑株镇阿克墩村水厂,和田
桑株镇阿亚格坡斯喀村委会,和田
桑株镇阿亚格坡斯喀村幼儿园,和田
桑株镇阿亚格萨瓦村村委会,和田
槡珠镇第二小学阿亚格萨瓦村分校,和田
桑株镇阿亚格萨瓦村幼儿园,和田
桑株镇艾日格勒村委会,和田
桑株镇艾日格勒村幼儿园,和田
桑株镇巴什坡斯喀村委会,和田
桑株镇巴什坡斯喀村小学,和田
桑株镇巴什坡斯喀村水厂,和田
桑株镇巴什萨瓦村委会,和田
桑株镇巴什萨瓦村幼儿园,和田
桑株镇巴什萨瓦村第二小学,和田
桑株镇巴什萨瓦村第二初中,和田
桑株镇巴斯喀克村村委会,和田
桑株镇巴斯喀克村小学,和田
桑株镇巴斯喀克村幼儿园,和田
桑株镇巴扎村委会,和田
桑株镇巴扎村幼儿园,和田
桑株镇墩巴格村村委会,和田
桑株镇墩恰喀村村委会,和田
桑株镇墩恰喀幼儿园,和田
桑株镇墩恰喀村小学,和田
桑株镇加依铁热克村村委会,和田
桑株镇加依铁热克村幼儿园,和田
桑株镇加依铁热克小学,和田
桑株镇喀尔墩村村委会,和田
桑株镇喀尔墩村幼儿园,和田
桑株镇库木艾格勒村委会,和田
桑株镇库木艾格勒村幼儿园,和田
桑株镇库木巴格村委会,和田
桑株镇库木巴格村幼儿园,和田
桑株镇库木巴格村小学,和田
桑株镇木尕拉村村委会,和田
桑株镇木尕拉村幼儿园,和田
桑株镇恰斯喀木村委会,和田
桑株镇恰斯喀木村小学,和田
桑株镇恰斯喀木村幼儿园,和田
桑株村村委会,和田
桑株村第一小学,和田
桑株村幼儿园,和田
桑株镇特热克恰喀村委会,和田
桑株镇托格热塔子滚村村委会,和田
桑株镇托格热塔子滚小学及幼儿园,和田
山普鲁镇阿亚格克依阔村委会,和田
山普鲁镇巴什比孜里村委会,和田
山普鲁镇博斯坦库勒村委会,和田
山普鲁镇加依艾克日村村委会,和田
山普鲁镇喀让古亚村委会,和田
山普鲁镇库木巴格村委会,和田
山普鲁镇色日克村委会,和田
塔吉克乡阿克肖尔村委会,和田
塔吉克乡阿克肖村幼儿园,和田
塔吉克乡阿克肖村供水站,和田
塔吉克乡阿克肖村执勤房,和田
塔吉克乡阿克肖村品尼区,和田
塔吉克乡布琼村委会,和田
塔吉克乡布琼村群众服务中心,和田
塔吉克乡布琼村警务室,和田
塔吉克乡康阿孜村委会,和田
塔吉克乡康阿孜村供水站,和田
古再小区,和田
爱华双子大夏,和田
阗美小区,和田
东山苑小区,和田
爱华小区,和田
木板桥小区,和田
天津小镇小区,和田
温馨家园小区,和田
昆仑小区,和田
广播站小区,和田
邮电局家属院,和田
石油公司家属院,和田
园丁小区,和田
朝阳社区二号小区,和田
盛世华庭,和田
国税局家属院,和田
七玉山小区,和田
玉都小区,和田
爱华高层小区,和田
建德小区,和田
人民银行,和田
党校,和田
神牛小区,和田
林业局小区,和田
教育局,和田
地税局家属院,和田
朝阳小区,和田
养路段小区,和田
运管局家属院,和田
福利院小区,和田
农行家属院,和田
人民银行家属楼,和田
建设花园小区,和田
工商局家属院,和田
团结小区,和田
财政局家属院,和田
玫瑰小区,和田
阗园小区,和田
百货公司家属院,和田
新世纪小区,和田
园丁高层小区,和田
检察院小区,和田
乡镇企业局小区,和田
新华书店家属院,和田
新华市场小区,和田
万森花园小区,塔城
8号警务站人脸抓拍机,塔城
城镇财政局路口人像识别,塔城
公安局人像识别,塔城
后勤管理人像识别,塔城
和丰天富超市,塔城
和什镇迭伦北街警务站室外东南球,塔城
和什托洛盖公安检查站,塔城
正升小区,塔城
